<beans xmlns="http://www.springframework.org/schema/beans"
	xmlns:xsi="http://www.w3.org/2001/XMLSchema-instance" xmlns:context="http://www.springframework.org/schema/context"
	xsi:schemaLocation="http://www.springframework.org/schema/beans
     http://www.springframework.org/schema/beans/spring-beans-3.0.xsd
     http://www.springframework.org/schema/context
     http://www.springframework.org/schema/context/spring-context-3.0.xsd">
     
      <bean id="employeeServiceImpl" class="com.emp.service.EmployeeServiceImpl">
     <property name="employeeDao" ref="employeeDaoImpl"/>
     
     </bean>
     
      <bean id="employeeDaoImpl" class="com.emp.dao.EmployeeDaoImpl">
     <property name="empList">
     <map>
     <entry key="1" value-ref="employee"/>
     <entry key="2" value-ref="employee1"/>
     
     </map>
     
     </property>
     
     </bean>
     
     
     <bean id="employee" class="com.emp.bean.Employee">
     <property name="employeeId" value="1"/>
     <property name="employeeName" value="Kira"/>
     <property name="salary" value="8000"/>
     
     </bean>
     
      <bean id="employee1" class="com.emp.bean.Employee">
     <property name="employeeId" value="2"/>
     <property name="employeeName" value="L"/>
     <property name="salary" value="10000"/>
     
     </bean>
     
     
    
     
    
     
     
     </beans>
     
  <!--      <bean id="employeeServiceImpl" class="com.cg.employee.service.EmployeeServiceImpl" >
     <property name="employeeDao" ref="employeeDao">
    </property>   
    </bean>
  
  <bean id="employeeDao" class="com.cg.employee.dao.EmployeeDaoImpl">
    <property name="empList">
    <map>
    <entry key="12345" value-ref="employee1"/>
    <entry key="54321" value-ref="employee2"/>
    </map>
    </property>
    </bean>
    
    
    <bean id="employee1" class="com.cg.employee.bean.Employee">
    <property name="employeeId" value="12345"/>
    <property name="employeeName" value="Rushi"/>
    <property name="salary" value="15505"/>
    </bean>
    
    <bean id="employee2" class="com.cg.employee.bean.Employee">
    <property name="employeeId" value="54321"/>
    <property name="employeeName" value="MS Dhoni"/>
    <property name="salary" value="24507"/>
    </bean>  
      -->